<?xml version="1.2" encoding="UTF-8" standalone="yes"?>
<addon id="plugin.video.eris"
       name="eris addon"
       version="1.2"
       provider-name="SIMPLE eris">
  <requires>
    <import addon="xbmc.python" version="2.1.0"/>
    <import addon="script.module.requests"/>
  </requires>
  <extension point="xbmc.python.pluginsource"
            library="default.py">
        <provides>video</provides>
  </extension>
  <extension point="xbmc.addon.metadata">
    <summary lang="en">eris</summary>
    <language>en</language>
    <description lang="de">Video shqip</description>
     <platform>all</platform>
  </extension>
</addon>
